{"cameraMode":{"drawMode":0,"name":"Shaded","section":"Shading Mode"},"sceneLighting":true,"audioPlay":false,"sceneViewState":{"showFog":true,"showMaterialUpdate":false,"showSkybox":true,"showFlares":true,"showImageEffects":true,"showParticleSystems":true},"in2DMode":false,"pivot":{"x":-0.3085687756538391,"y":0.3605884611606598,"z":-3.3520376682281496},"rotation":{"x":0.000022798147256253287,"y":0.9999703168869019,"z":0.0029999539256095888,"w":-0.007500168867409229},"size":8.789536476135254,"orthographic":false}